[
  {
    "id": 1,
    "name": "Bulbasaur",
    "type": [
      "Grass",
      "Poison"
    ],
    "base": {
      "HP": 45,
      "Attack": 49,
      "Defense": 49,
      "Sp. Attack": 65,
      "Sp. Defense": 65,
      "Speed": 45
    }
  },
  {
    "id": 2,
    "name": "Ivysaur",
    "type": [
      "Grass",
      "Poison"
    ],
    "base": {
      "HP": 60,
      "Attack": 62,
      "Defense": 63,
      "Sp. Attack": 80,
      "Sp. Defense": 80,
      "Speed": 60
    }
  },
  {
    "id": 3,
    "name": "Venusaur",
    "type": [
      "Grass",
      "Poison"
    ],
    "base": {
      "HP": 80,
      "Attack": 82,
      "Defense": 83,
      "Sp. Attack": 100,
      "Sp. Defense": 100,
      "Speed": 80
    }
  },
  {
    "id": 4,
    "name": "Charmander",
    "type": [
      "Fire"
    ],
    "base": {
      "HP": 39,
      "Attack": 52,
      "Defense": 43,
      "Sp. Attack": 60,
      "Sp. Defense": 50,
      "Speed": 65
    }
  },
  {
    "id": 5,
    "name": "Charmeleon",
    "type": [
      "Fire"
    ],
    "base": {
      "HP": 58,
      "Attack": 64,
      "Defense": 58,
      "Sp. Attack": 80,
      "Sp. Defense": 65,
      "Speed": 80
    }
  },
  {
    "id": 6,
    "name": "Charizard",
    "type": [
      "Fire",
      "Flying"
    ],
    "base": {
      "HP": 78,
      "Attack": 84,
      "Defense": 78,
      "Sp. Attack": 109,
      "Sp. Defense": 85,
      "Speed": 100
    }
  },
  {
    "id": 7,
    "name": "Squirtle",
    "type": [
      "Water"
    ],
    "base": {
      "HP": 44,
      "Attack": 48,
      "Defense": 65,
      "Sp. Attack": 50,
      "Sp. Defense": 64,
      "Speed": 43
    }
  },
  {
    "id": 8,
    "name": "Wartortle",
    "type": [
      "Water"
    ],
    "base": {
      "HP": 59,
      "Attack": 63,
      "Defense": 80,
      "Sp. Attack": 65,
      "Sp. Defense": 80,
      "Speed": 58
    }
  },
  {
    "id": 9,
    "name": "Blastoise",
    "type": [
      "Water"
    ],
    "base": {
      "HP": 79,
      "Attack": 83,
      "Defense": 100,
      "Sp. Attack": 85,
      "Sp. Defense": 105,
      "Speed": 78
    }
  },
  {
    "id": 10,
    "name": "Caterpie",
    "type": [
      "Bug"
    ],
    "base": {
      "HP": 45,
      "Attack": 30,
      "Defense": 35,
      "Sp. Attack": 20,
      "Sp. Defense": 20,
      "Speed": 45
    }
  },
  {
    "id": 11,
    "name": "Metapod",
    "type": [
      "Bug"
    ],
    "base": {
      "HP": 50,
      "Attack": 20,
      "Defense": 55,
      "Sp. Attack": 25,
      "Sp. Defense": 25,
      "Speed": 30
    }
  },
  {
    "id": 12,
    "name": "Butterfree",
    "type": [
      "Bug",
      "Flying"
    ],
    "base": {
      "HP": 60,
      "Attack": 45,
      "Defense": 50,
      "Sp. Attack": 90,
      "Sp. Defense": 80,
      "Speed": 70
    }
  },
  {
    "id": 13,
    "name": "Weedle",
    "type": [
      "Bug",
      "Poison"
    ],
    "base": {
      "HP": 40,
      "Attack": 35,
      "Defense": 30,
      "Sp. Attack": 20,
      "Sp. Defense": 20,
      "Speed": 50
    }
  },
  {
    "id": 14,
    "name": "Kakuna",
    "type": [
      "Bug",
      "Poison"
    ],
    "base": {
      "HP": 45,
      "Attack": 25,
      "Defense": 50,
      "Sp. Attack": 25,
      "Sp. Defense": 25,
      "Speed": 35
    }
  },
  {
    "id": 15,
    "name": "Beedrill",
    "type": [
      "Bug",
      "Poison"
    ],
    "base": {
      "HP": 65,
      "Attack": 90,
      "Defense": 40,
      "Sp. Attack": 45,
      "Sp. Defense": 80,
      "Speed": 75
    }
  },
  {
    "id": 16,
    "name": "Pidgey",
    "type": [
      "Normal",
      "Flying"
    ],
    "base": {
      "HP": 40,
      "Attack": 45,
      "Defense": 40,
      "Sp. Attack": 35,
      "Sp. Defense": 35,
      "Speed": 56
    }
  },
  {
    "id": 17,
    "name": "Pidgeotto",
    "type": [
      "Normal",
      "Flying"
    ],
    "base": {
      "HP": 63,
      "Attack": 60,
      "Defense": 55,
      "Sp. Attack": 50,
      "Sp. Defense": 50,
      "Speed": 71
    }
  },
  {
    "id": 18,
    "name": "Pidgeot",
    "type": [
      "Normal",
      "Flying"
    ],
    "base": {
      "HP": 83,
      "Attack": 80,
      "Defense": 75,
      "Sp. Attack": 70,
      "Sp. Defense": 70,
      "Speed": 101
    }
  },
  {
    "id": 19,
    "name": "Rattata",
    "type": [
      "Normal"
    ],
    "base": {
      "HP": 30,
      "Attack": 56,
      "Defense": 35,
      "Sp. Attack": 25,
      "Sp. Defense": 35,
      "Speed": 72
    }
  },
  {
    "id": 20,
    "name": "Raticate",
    "type": [
      "Normal"
    ],
    "base": {
      "HP": 55,
      "Attack": 81,
      "Defense": 60,
      "Sp. Attack": 50,
      "Sp. Defense": 70,
      "Speed": 97
    }
  },
  {
    "id": 21,
    "name": "Spearow",
    "type": [
      "Normal",
      "Flying"
    ],
    "base": {
      "HP": 40,
      "Attack": 60,
      "Defense": 30,
      "Sp. Attack": 31,
      "Sp. Defense": 31,
      "Speed": 70
    }
  },
  {
    "id": 22,
    "name": "Fearow",
    "type": [
      "Normal",
      "Flying"
    ],
    "base": {
      "HP": 65,
      "Attack": 90,
      "Defense": 65,
      "Sp. Attack": 61,
      "Sp. Defense": 61,
      "Speed": 100
    }
  },
  {
    "id": 23,
    "name": "Ekans",
    "type": [
      "Poison"
    ],
    "base": {
      "HP": 35,
      "Attack": 60,
      "Defense": 44,
      "Sp. Attack": 40,
      "Sp. Defense": 54,
      "Speed": 55
    }
  },
  {
    "id": 24,
    "name": "Arbok",
    "type": [
      "Poison"
    ],
    "base": {
      "HP": 60,
      "Attack": 95,
      "Defense": 69,
      "Sp. Attack": 65,
      "Sp. Defense": 79,
      "Speed": 80
    }
  },
  {
    "id": 25,
    "name": "Pikachu",
    "type": [
      "Electric"
    ],
    "base": {
      "HP": 35,
      "Attack": 55,
      "Defense": 40,
      "Sp. Attack": 50,
      "Sp. Defense": 50,
      "Speed": 90
    }
  },
  {
    "id": 26,
    "name": "Raichu",
    "type": [
      "Electric"
    ],
    "base": {
      "HP": 60,
      "Attack": 90,
      "Defense": 55,
      "Sp. Attack": 90,
      "Sp. Defense": 80,
      "Speed": 110
    }
  },
  {
    "id": 27,
    "name": "Sandshrew",
    "type": [
      "Ground"
    ],
    "base": {
      "HP": 50,
      "Attack": 75,
      "Defense": 85,
      "Sp. Attack": 20,
      "Sp. Defense": 30,
      "Speed": 40
    }
  },
  {
    "id": 28,
    "name": "Sandslash",
    "type": [
      "Ground"
    ],
    "base": {
      "HP": 75,
      "Attack": 100,
      "Defense": 110,
      "Sp. Attack": 45,
      "Sp. Defense": 55,
      "Speed": 65
    }
  },
  {
    "id": 29,
    "name": "Nidoran♀",
    "type": [
      "Poison"
    ],
    "base": {
      "HP": 55,
      "Attack": 47,
      "Defense": 52,
      "Sp. Attack": 40,
      "Sp. Defense": 40,
      "Speed": 41
    }
  },
  {
    "id": 30,
    "name": "Nidorina",
    "type": [
      "Poison"
    ],
    "base": {
      "HP": 70,
      "Attack": 62,
      "Defense": 67,
      "Sp. Attack": 55,
      "Sp. Defense": 55,
      "Speed": 56
    }
  },
  {
    "id": 31,
    "name": "Nidoqueen",
    "type": [
      "Poison",
      "Ground"
    ],
    "base": {
      "HP": 90,
      "Attack": 92,
      "Defense": 87,
      "Sp. Attack": 75,
      "Sp. Defense": 85,
      "Speed": 76
    }
  },
  {
    "id": 32,
    "name": "Nidoran♂",
    "type": [
      "Poison"
    ],
    "base": {
      "HP": 46,
      "Attack": 57,
      "Defense": 40,
      "Sp. Attack": 40,
      "Sp. Defense": 40,
      "Speed": 50
    }
  },
  {
    "id": 33,
    "name": "Nidorino",
    "type": [
      "Poison"
    ],
    "base": {
      "HP": 61,
      "Attack": 72,
      "Defense": 57,
      "Sp. Attack": 55,
      "Sp. Defense": 55,
      "Speed": 65
    }
  },
  {
    "id": 34,
    "name": "Nidoking",
    "type": [
      "Poison",
      "Ground"
    ],
    "base": {
      "HP": 81,
      "Attack": 102,
      "Defense": 77,
      "Sp. Attack": 85,
      "Sp. Defense": 75,
      "Speed": 85
    }
  },
  {
    "id": 35,
    "name": "Clefairy",
    "type": [
      "Fairy"
    ],
    "base": {
      "HP": 70,
      "Attack": 45,
      "Defense": 48,
      "Sp. Attack": 60,
      "Sp. Defense": 65,
      "Speed": 35
    }
  },
  {
    "id": 36,
    "name": "Clefable",
    "type": [
      "Fairy"
    ],
    "base": {
      "HP": 95,
      "Attack": 70,
      "Defense": 73,
      "Sp. Attack": 95,
      "Sp. Defense": 90,
      "Speed": 60
    }
  },
  {
    "id": 37,
    "name": "Vulpix",
    "type": [
      "Fire"
    ],
    "base": {
      "HP": 38,
      "Attack": 41,
      "Defense": 40,
      "Sp. Attack": 50,
      "Sp. Defense": 65,
      "Speed": 65
    }
  },
  {
    "id": 38,
    "name": "Ninetales",
    "type": [
      "Fire"
    ],
    "base": {
      "HP": 73,
      "Attack": 76,
      "Defense": 75,
      "Sp. Attack": 81,
      "Sp. Defense": 100,
      "Speed": 100
    }
  },
  {
    "id": 39,
    "name": "Jigglypuff",
    "type": [
      "Normal",
      "Fairy"
    ],
    "base": {
      "HP": 115,
      "Attack": 45,
      "Defense": 20,
      "Sp. Attack": 45,
      "Sp. Defense": 25,
      "Speed": 20
    }
  },
  {
    "id": 40,
    "name": "Wigglytuff",
    "type": [
      "Normal",
      "Fairy"
    ],
    "base": {
      "HP": 140,
      "Attack": 70,
      "Defense": 45,
      "Sp. Attack": 85,
      "Sp. Defense": 50,
      "Speed": 45
    }
  },
  {
    "id": 41,
    "name": "Zubat",
    "type": [
      "Poison",
      "Flying"
    ],
    "base": {
      "HP": 40,
      "Attack": 45,
      "Defense": 35,
      "Sp. Attack": 30,
      "Sp. Defense": 40,
      "Speed": 55
    }
  },
  {
    "id": 42,
    "name": "Golbat",
    "type": [
      "Poison",
      "Flying"
    ],
    "base": {
      "HP": 75,
      "Attack": 80,
      "Defense": 70,
      "Sp. Attack": 65,
      "Sp. Defense": 75,
      "Speed": 90
    }
  },
  {
    "id": 43,
    "name": "Oddish",
    "type": [
      "Grass",
      "Poison"
    ],
    "base": {
      "HP": 45,
      "Attack": 50,
      "Defense": 55,
      "Sp. Attack": 75,
      "Sp. Defense": 65,
      "Speed": 30
    }
  },
  {
    "id": 44,
    "name": "Gloom",
    "type": [
      "Grass",
      "Poison"
    ],
    "base": {
      "HP": 60,
      "Attack": 65,
      "Defense": 70,
      "Sp. Attack": 85,
      "Sp. Defense": 75,
      "Speed": 40
    }
  },
  {
    "id": 45,
    "name": "Vileplume",
    "type": [
      "Grass",
      "Poison"
    ],
    "base": {
      "HP": 75,
      "Attack": 80,
      "Defense": 85,
      "Sp. Attack": 110,
      "Sp. Defense": 90,
      "Speed": 50
    }
  },
  {
    "id": 46,
    "name": "Paras",
    "type": [
      "Bug",
      "Grass"
    ],
    "base": {
      "HP": 35,
      "Attack": 70,
      "Defense": 55,
      "Sp. Attack": 45,
      "Sp. Defense": 55,
      "Speed": 25
    }
  },
  {
    "id": 47,
    "name": "Parasect",
    "type": [
      "Bug",
      "Grass"
    ],
    "base": {
      "HP": 60,
      "Attack": 95,
      "Defense": 80,
      "Sp. Attack": 60,
      "Sp. Defense": 80,
      "Speed": 30
    }
  },
  {
    "id": 48,
    "name": "Venonat",
    "type": [
      "Bug",
      "Poison"
    ],
    "base": {
      "HP": 60,
      "Attack": 55,
      "Defense": 50,
      "Sp. Attack": 40,
      "Sp. Defense": 55,
      "Speed": 45
    }
  },
  {
    "id": 49,
    "name": "Venomoth",
    "type": [
      "Bug",
      "Poison"
    ],
    "base": {
      "HP": 70,
      "Attack": 65,
      "Defense": 60,
      "Sp. Attack": 90,
      "Sp. Defense": 75,
      "Speed": 90
    }
  },
  {
    "id": 50,
    "name": "Diglett",
    "type": [
      "Ground"
    ],
    "base": {
      "HP": 10,
      "Attack": 55,
      "Defense": 25,
      "Sp. Attack": 35,
      "Sp. Defense": 45,
      "Speed": 95
    }
  },
  {
    "id": 51,
    "name": "Dugtrio",
    "type": [
      "Ground"
    ],
    "base": {
      "HP": 35,
      "Attack": 100,
      "Defense": 50,
      "Sp. Attack": 50,
      "Sp. Defense": 70,
      "Speed": 120
    }
  },
  {
    "id": 52,
    "name": "Meowth",
    "type": [
      "Normal"
    ],
    "base": {
      "HP": 40,
      "Attack": 45,
      "Defense": 35,
      "Sp. Attack": 40,
      "Sp. Defense": 40,
      "Speed": 90
    }
  },
  {
    "id": 53,
    "name": "Persian",
    "type": [
      "Normal"
    ],
    "base": {
      "HP": 65,
      "Attack": 70,
      "Defense": 60,
      "Sp. Attack": 65,
      "Sp. Defense": 65,
      "Speed": 115
    }
  },
  {
    "id": 54,
    "name": "Psyduck",
    "type": [
      "Water"
    ],
    "base": {
      "HP": 50,
      "Attack": 52,
      "Defense": 48,
      "Sp. Attack": 65,
      "Sp. Defense": 50,
      "Speed": 55
    }
  },
  {
    "id": 55,
    "name": "Golduck",
    "type": [
      "Water"
    ],
    "base": {
      "HP": 80,
      "Attack": 82,
      "Defense": 78,
      "Sp. Attack": 95,
      "Sp. Defense": 80,
      "Speed": 85
    }
  },
  {
    "id": 56,
    "name": "Mankey",
    "type": [
      "Fighting"
    ],
    "base": {
      "HP": 40,
      "Attack": 80,
      "Defense": 35,
      "Sp. Attack": 35,
      "Sp. Defense": 45,
      "Speed": 70
    }
  },
  {
    "id": 57,
    "name": "Primeape",
    "type": [
      "Fighting"
    ],
    "base": {
      "HP": 65,
      "Attack": 105,
      "Defense": 60,
      "Sp. Attack": 60,
      "Sp. Defense": 70,
      "Speed": 95
    }
  },
  {
    "id": 58,
    "name": "Growlithe",
    "type": [
      "Fire"
    ],
    "base": {
      "HP": 55,
      "Attack": 70,
      "Defense": 45,
      "Sp. Attack": 70,
      "Sp. Defense": 50,
      "Speed": 60
    }
  },
  {
    "id": 59,
    "name": "Arcanine",
    "type": [
      "Fire"
    ],
    "base": {
      "HP": 90,
      "Attack": 110,
      "Defense": 80,
      "Sp. Attack": 100,
      "Sp. Defense": 80,
      "Speed": 95
    }
  }
]



  